Company,Contact Name,Email,Phone,Website,Tier,Type,Vertical,Notes,Source
DIMR Berlin - Berlin,Director,info@institut-fuer-menschenrechte.de,+49 30 259 3100,institut-fuer-menschenrechte.de,1,Human Rights,Germany,German HR institute CT,websearch_2026_hr_world
CNCDH Paris - Paris,President,info@cncdh.fr,+33 1 42 19 3500,cncdh.fr,1,Human Rights,France,French HR commission CT,websearch_2026_hr_world
DIHR Copenhagen - Copenhagen,Director,info@humanrights.dk,+45 32 69 3100,humanrights.dk,1,Human Rights,Denmark,Danish HR institute CT,websearch_2026_hr_world
NIM Oslo - Oslo,Director,info@nim.no,+47 22 82 3200,nim.no,1,Human Rights,Norway,Norwegian HR institution CT,websearch_2026_hr_world
DO Stockholm - Stockholm,Ombudsman,info@do.se,+46 8 120 3100,do.se,1,Human Rights,Sweden,Equality ombudsman CT,websearch_2026_hr_world
Ihmisoikeuskeskus Helsinki - Helsinki,Director,info@ihmisoikeuskeskus.fi,+358 9 432 3200,ihmisoikeuskeskus.fi,1,Human Rights,Finland,HR centre CT,websearch_2026_hr_world
IHREC Dublin - Dublin,Chief Commissioner,info@ihrec.ie,+353 1 858 3100,ihrec.ie,1,Human Rights,Ireland,HR equality commission CT,websearch_2026_hr_world
College Utrecht - Utrecht,Chair,info@mensenrechten.nl,+31 30 888 3100,mensenrechten.nl,1,Human Rights,Netherlands,Dutch HR college CT,websearch_2026_hr_world
Unia Brussels - Brussels,Director,info@unia.be,+32 2 212 3100,unia.be,1,Human Rights,Belgium,Equal opportunities CT,websearch_2026_hr_world
Volksanwaltschaft Vienna - Vienna,Ombudsman,info@volksanwaltschaft.gv.at,+43 1 515 3100,volksanwaltschaft.gv.at,1,Human Rights,Austria,Ombudsman board CT,websearch_2026_hr_world
SKMR Bern - Bern,Director,info@skmr.ch,+41 31 382 3100,skmr.ch,1,Human Rights,Switzerland,Swiss competence centre CT,websearch_2026_hr_world
RPO Warsaw Rights - Warsaw,Commissioner,info@rpo-rights.gov.pl,+48 22 551 3200,rpo-rights.gov.pl,1,Human Rights,Poland,Rights commissioner CT,websearch_2026_hr_world
SNCHR Bratislava - Bratislava,Director,info@snchr.sk,+421 2 482 3200,snchr.sk,1,Human Rights,Slovakia,National HR centre CT,websearch_2026_hr_world
HCLU Budapest - Budapest,Director,info@tasz.hu,+36 1 209 3100,tasz.hu,2,Human Rights,Hungary,Civil liberties union CT,websearch_2026_hr_world
IRDO Bucharest - Bucharest,Director,info@irdo.ro,+40 21 312 3200,irdo.ro,2,Human Rights,Romania,Romanian HR institute CT,websearch_2026_hr_world
Bulgarian Helsinki Committee Sofia - Sofia,Chair,info@bghelsinki.org,+359 2 943 3100,bghelsinki.org,2,Human Rights,Bulgaria,Helsinki committee CT,websearch_2026_hr_world
Greek NCHR Athens - Athens,President,info@nchr.gr,+30 210 723 3100,nchr.gr,1,Human Rights,Greece,National HR commission CT,websearch_2026_hr_world
Croatian Ombudswoman Zagreb - Zagreb,Ombudswoman,info@ombudsman.hr,+385 1 485 3200,ombudsman.hr,1,Human Rights,Croatia,Ombudswoman CT,websearch_2026_hr_world
Serbian Protector Belgrade - Belgrade,Protector,info@zastitnik.rs,+381 11 328 3200,zastitnik.rs,1,Human Rights,Serbia,Citizens protector CT,websearch_2026_hr_world
BiH Ombudsman Banja Luka - Banja Luka,Ombudsman,info@ombudsmen-bl.gov.ba,+387 51 303 3100,ombudsmen-bl.gov.ba,1,Human Rights,Bosnia,Banja Luka ombudsman CT,websearch_2026_hr_world
Albanian Ombudsman Tirana - Tirana,Ombudsman,info@avokatipopullit.gov.al,+355 4 238 3100,avokatipopullit.gov.al,1,Human Rights,Albania,People advocate CT,websearch_2026_hr_world
Macedonian Ombudsman Skopje - Skopje,Ombudsman,info@ombudsman.mk,+389 2 312 3100,ombudsman.mk,1,Human Rights,North Macedonia,Ombudsman CT,websearch_2026_hr_world
Kosovo Ombudsperson Pristina - Pristina,Ombudsperson,info@oik-rks.org,+383 38 501 3100,oik-rks.org,1,Human Rights,Kosovo,Ombudsperson CT,websearch_2026_hr_world
Moldova Ombudsman Chisinau - Chisinau,Ombudsman,info@ombudsman.md,+373 22 234 3100,ombudsman.md,1,Human Rights,Moldova,Ombudsman CT,websearch_2026_hr_world
Ukrainian Ombudsman Kyiv - Kyiv,Ombudsman,info@ombudsman.gov.ua,+380 44 255 3100,ombudsman.gov.ua,1,Human Rights,Ukraine,Parliament commissioner CT,websearch_2026_hr_world
Belarus HR House Vilnius - Vilnius,Director,info@belarushumanrightshouse.org,+370 5 212 3100,belarushumanrightshouse.org,2,Human Rights,Lithuania,Belarus exile CT,websearch_2026_hr_world
Memorial Berlin - Berlin,Director,info@memorial-berlin.org,+49 30 986 3100,memorial-berlin.org,2,Human Rights,Germany,Memorial exile CT,websearch_2026_hr_world
Defensor del Pueblo Madrid - Madrid,Defensor,info@defensordelpueblo.es,+34 91 432 3100,defensordelpueblo.es,1,Human Rights,Spain,Ombudsman CT,websearch_2026_hr_world
Italian Guarantor Rome - Rome,President,info@garantenazionaleprivatiliberta.it,+39 06 665 3100,garantenazionaleprivatiliberta.it,1,Human Rights,Italy,Detainees guarantor CT,websearch_2026_hr_world
Portuguese Ombudsman Lisbon - Lisbon,Provedor,info@provedor-jus.pt,+351 21 392 3100,provedor-jus.pt,1,Human Rights,Portugal,Justice ombudsman CT,websearch_2026_hr_world
LDH Paris - Paris,President,info@ldh-france.org,+33 1 56 55 3100,ldh-france.org,2,Human Rights,France,Rights league CT,websearch_2026_hr_world
AEDH Brussels - Brussels,President,info@aedh.eu,+32 2 511 3100,aedh.eu,2,Human Rights,Belgium,European HR assoc CT,websearch_2026_hr_world
ECRE Brussels - Brussels,Director,info@ecre.org,+32 2 234 3100,ecre.org,2,Human Rights,Belgium,Refugee council CT,websearch_2026_hr_world
PICUM Brussels - Brussels,Director,info@picum.org,+32 2 210 3100,picum.org,2,Human Rights,Belgium,Undocumented migrants CT,websearch_2026_hr_world
ILGA-Europe Brussels - Brussels,Director,info@ilga-europe.org,+32 2 609 3100,ilga-europe.org,2,Human Rights,Belgium,LGBTI equality CT,websearch_2026_hr_world
TGEU Berlin - Berlin,Director,info@tgeu.org,+49 30 657 3100,tgeu.org,3,Human Rights,Germany,Trans equality CT,websearch_2026_hr_world
ENAR Brussels - Brussels,Director,info@enar-eu.org,+32 2 229 3100,enar-eu.org,2,Human Rights,Belgium,Anti-racism network CT,websearch_2026_hr_world
Amnesty France Paris - Paris,Director,info@amnesty.fr,+33 1 53 38 3100,amnesty.fr,2,Human Rights,France,Amnesty France CT,websearch_2026_hr_world
Amnesty Germany Berlin - Berlin,Director,info@amnesty.de,+49 30 420 3100,amnesty.de,2,Human Rights,Germany,Amnesty Germany CT,websearch_2026_hr_world
Amnesty Spain Madrid - Madrid,Director,info@amnistia.es,+34 91 310 3100,amnistia.es,2,Human Rights,Spain,Amnesty Spain CT,websearch_2026_hr_world
Amnesty Italy Rome - Rome,Director,info@amnesty.it,+39 06 449 3100,amnesty.it,2,Human Rights,Italy,Amnesty Italy CT,websearch_2026_hr_world
HRW Berlin - Berlin,Director,info@hrw-berlin.org,+49 30 259 3200,hrw-berlin.org,2,Human Rights,Germany,HRW Germany CT,websearch_2026_hr_world
HRW Brussels - Brussels,Director,info@hrw-brussels.org,+32 2 732 3200,hrw-brussels.org,2,Human Rights,Belgium,HRW EU CT,websearch_2026_hr_world
Article 19 Brussels - Brussels,Director,info@article19-brussels.org,+32 2 732 3300,article19-brussels.org,2,Human Rights,Belgium,Expression freedom CT,websearch_2026_hr_world
Access Now Brussels - Brussels,Policy Director,info@accessnow-brussels.org,+32 2 274 3100,accessnow-brussels.org,2,Human Rights,Belgium,Digital rights CT,websearch_2026_hr_world
EDRi Brussels - Brussels,Director,info@edri.org,+32 2 274 3100,edri.org,2,Human Rights,Belgium,Digital rights Intl CT,websearch_2026_hr_world
Statewatch London - London,Director,info@statewatch.org,+44 20 751 3100,statewatch.org,2,Human Rights,UK,Civil liberties watch CT,websearch_2026_hr_world
Liberty London - London,Director,info@libertyhumanrights.org.uk,+44 20 737 3100,libertyhumanrights.org.uk,2,Human Rights,UK,Liberty rights CT,websearch_2026_hr_world
Justice London - London,Director,info@justice.org.uk,+44 20 776 3100,justice.org.uk,2,Human Rights,UK,Justice reform CT,websearch_2026_hr_world
Fair Trials London - London,Director,info@fairtrials.org,+44 20 782 3100,fairtrials.org,2,Human Rights,UK,Fair trials CT,websearch_2026_hr_world
Pro Asyl Frankfurt - Frankfurt,Director,info@proasyl.de,+49 69 242 3100,proasyl.de,2,Human Rights,Germany,Pro asylum CT,websearch_2026_hr_world
Diakonie Berlin - Berlin,Director,info@diakonie.de,+49 30 652 3100,diakonie.de,2,Human Rights,Germany,Diakonie welfare CT,websearch_2026_hr_world
Caritas Europa Brussels - Brussels,Director,info@caritas.eu,+32 2 280 3100,caritas.eu,2,Human Rights,Belgium,Caritas Europe CT,websearch_2026_hr_world
Solidar Brussels - Brussels,Director,info@solidar.org,+32 2 500 3100,solidar.org,2,Human Rights,Belgium,Social justice CT,websearch_2026_hr_world
EDF Brussels - Brussels,Director,info@edf-feph.org,+32 2 282 3100,edf-feph.org,2,Human Rights,Belgium,Disability forum CT,websearch_2026_hr_world
Mental Health Europe Brussels - Brussels,Director,info@mhe-sme.org,+32 2 893 3100,mhe-sme.org,3,Human Rights,Belgium,Mental health CT,websearch_2026_hr_world
Eurochild Brussels - Brussels,Director,info@eurochild.org,+32 2 511 3100,eurochild.org,3,Human Rights,Belgium,Children rights CT,websearch_2026_hr_world
ECPAT Netherlands Amsterdam - Amsterdam,Director,info@ecpat.nl,+31 20 627 3100,ecpat.nl,3,Human Rights,Netherlands,Child exploitation CT,websearch_2026_hr_world
Terre des Hommes Lausanne - Lausanne,Director,info@tdh.ch,+41 58 611 3100,tdh.ch,3,Human Rights,Switzerland,Child relief CT,websearch_2026_hr_world
Defence for Children Amsterdam - Amsterdam,Director,info@defenceforchildren.nl,+31 20 626 3100,defenceforchildren.nl,3,Human Rights,Netherlands,Children defence CT,websearch_2026_hr_world
Child Rights Connect Geneva - Geneva,Director,info@childrightsconnect.org,+41 22 740 3100,childrightsconnect.org,2,Human Rights,Switzerland,Child rights CT,websearch_2026_hr_world
Norwegian Helsinki Committee Oslo - Oslo,Secretary General,info@nhc.no,+47 22 47 3100,nhc.no,2,Human Rights,Norway,Helsinki committee CT,websearch_2026_hr_world
Hemayat Vienna - Vienna,Coordinator,info@hemayat.org,+43 1 310 3100,hemayat.org,3,Human Rights,Austria,Torture victims CT,websearch_2026_hr_world
Refugio Munich - Munich,Coordinator,info@refugio-muenchen.de,+49 89 982 3100,refugio-muenchen.de,3,Human Rights,Germany,Refugee rehab CT,websearch_2026_hr_world
Xenion Berlin - Berlin,Coordinator,info@xenion.org,+49 30 323 3100,xenion.org,3,Human Rights,Germany,Trauma rehab CT,websearch_2026_hr_world
PSZ Dusseldorf - Dusseldorf,Coordinator,info@psz-duesseldorf.de,+49 211 544 3100,psz-duesseldorf.de,3,Human Rights,Germany,Psychosocial centre CT,websearch_2026_hr_world
FATRA Frankfurt - Frankfurt,Coordinator,info@fatra-ev.de,+49 69 921 3100,fatra-ev.de,3,Human Rights,Germany,Torture rehab CT,websearch_2026_hr_world
NTFN Hannover - Hannover,Coordinator,info@ntfn.de,+49 511 856 3100,ntfn.de,3,Human Rights,Germany,Trauma network CT,websearch_2026_hr_world
Primo Levi Paris - Paris,Director,info@primolevi.org,+33 1 43 14 3100,primolevi.org,3,Human Rights,France,Torture victims CT,websearch_2026_hr_world
Comede Paris - Paris,Director,info@comede.org,+33 1 45 21 3100,comede.org,3,Human Rights,France,Exile health CT,websearch_2026_hr_world
Centre Minkowska Paris - Paris,Director,info@minkowska.com,+33 1 49 33 3100,minkowska.com,3,Human Rights,France,Minkowska centre CT,websearch_2026_hr_world
FTDA Paris - Paris,Director,info@france-terre-asile.org,+33 1 53 04 3100,france-terre-asile.org,3,Human Rights,France,Asylum land CT,websearch_2026_hr_world
Helen Bamber London - London,Director,info@helenbamber.org,+44 20 305 3100,helenbamber.org,3,Human Rights,UK,Trauma foundation CT,websearch_2026_hr_world
Room to Heal London - London,Coordinator,info@roomtoheal.org,+44 20 740 3100,roomtoheal.org,3,Human Rights,UK,Healing community CT,websearch_2026_hr_world
Solace London - London,Coordinator,info@solace.org.uk,+44 20 760 3100,solace.org.uk,3,Human Rights,UK,Asylum support CT,websearch_2026_hr_world
Oasis Copenhagen - Copenhagen,Coordinator,info@oasis-rehab.dk,+45 33 54 3100,oasis-rehab.dk,3,Human Rights,Denmark,Trauma rehab CT,websearch_2026_hr_world
Danish Red Cross Asylum Copenhagen - Copenhagen,Coordinator,info@rodekors.dk,+45 33 54 3200,rodekors.dk,3,Human Rights,Denmark,Red Cross asylum CT,websearch_2026_hr_world
Ersta Stockholm Rehab - Stockholm,Coordinator,info@ersta.se,+46 8 714 3100,ersta.se,3,Human Rights,Sweden,Ersta rehab CT,websearch_2026_hr_world
NKVTS Oslo - Oslo,Research Director,info@nkvts.no,+47 22 59 3100,nkvts.no,2,Human Rights,Norway,Violence trauma CT,websearch_2026_hr_world
Diaconia Helsinki Rehab - Helsinki,Coordinator,info@diaconia.fi,+358 9 540 3200,diaconia.fi,3,Human Rights,Finland,Diaconia rehab CT,websearch_2026_hr_world
SPIRASI Dublin - Dublin,Director,info@spirasi.ie,+353 1 838 3100,spirasi.ie,3,Human Rights,Ireland,Torture rehab CT,websearch_2026_hr_world
ARQ Amsterdam - Amsterdam,Director,info@arq.org,+31 20 660 3100,arq.org,2,Human Rights,Netherlands,War trauma CT,websearch_2026_hr_world
Pharos Utrecht - Utrecht,Director,info@pharos.nl,+31 30 234 3100,pharos.nl,3,Human Rights,Netherlands,Refugee health CT,websearch_2026_hr_world
Ulysse Brussels - Brussels,Coordinator,info@ulyssemed.be,+32 2 541 3100,ulyssemed.be,3,Human Rights,Belgium,Medical rehab CT,websearch_2026_hr_world
Solentra Ghent - Ghent,Coordinator,info@solentra.be,+32 9 234 3100,solentra.be,3,Human Rights,Belgium,Trauma Ghent CT,websearch_2026_hr_world
Appartenances Lausanne - Lausanne,Director,info@appartenances.ch,+41 21 341 3100,appartenances.ch,3,Human Rights,Switzerland,Migration health CT,websearch_2026_hr_world
Pluriels Geneva - Geneva,Coordinator,info@pluriels.ch,+41 22 328 3100,pluriels.ch,3,Human Rights,Switzerland,Pluriels Geneva CT,websearch_2026_hr_world
SIRA Madrid - Madrid,Director,info@siraius.org,+34 91 548 3100,siraius.org,3,Human Rights,Spain,Rehab Madrid CT,websearch_2026_hr_world
Medicos del Mundo Madrid Torture - Madrid,Coordinator,info@medicosdelmundo.org,+34 91 543 3100,medicosdelmundo.org,3,Human Rights,Spain,Doctors world CT,websearch_2026_hr_world
MEDU Rome - Rome,Director,info@mediciperidirittiumani.org,+39 06 978 3100,mediciperidirittiumani.org,3,Human Rights,Italy,Doctors rights CT,websearch_2026_hr_world
Naga Milan - Milan,Coordinator,info@naga.it,+39 02 581 3100,naga.it,3,Human Rights,Italy,Naga Milan CT,websearch_2026_hr_world
CPR Lisbon Torture - Lisbon,Coordinator,info@cpr.pt,+351 21 314 3100,cpr.pt,3,Human Rights,Portugal,Refugee council CT,websearch_2026_hr_world
Babel Athens - Athens,Coordinator,info@babeldc.gr,+30 210 861 3100,babeldc.gr,3,Human Rights,Greece,Babel day centre CT,websearch_2026_hr_world
ARSIS Thessaloniki - Thessaloniki,Coordinator,info@arsis.gr,+30 2310 531 200,arsis.gr,3,Human Rights,Greece,Youth support CT,websearch_2026_hr_world
Ocalenie Warsaw - Warsaw,Coordinator,info@ocalenie.org.pl,+48 22 710 3100,ocalenie.org.pl,3,Human Rights,Poland,Salvation foundation CT,websearch_2026_hr_world
InBaze Prague - Prague,Coordinator,info@inbaze.cz,+420 730 550 200,inbaze.cz,3,Human Rights,Czech Republic,Berkat support CT,websearch_2026_hr_world
Marginal Bratislava - Bratislava,Coordinator,info@marginal.sk,+421 2 449 3200,marginal.sk,3,Human Rights,Slovakia,Marginal initiative CT,websearch_2026_hr_world
Menedek Budapest - Budapest,Director,info@menedek.hu,+36 1 322 3200,menedek.hu,3,Human Rights,Hungary,Shelter assoc CT,websearch_2026_hr_world
JRS Romania Bucharest - Bucharest,Director,info@jrsromania.org,+40 21 321 3200,jrsromania.org,3,Human Rights,Romania,Jesuit refugees CT,websearch_2026_hr_world
Mission Wings Sofia - Sofia,Coordinator,info@missionwings.bg,+359 2 983 3200,missionwings.bg,3,Human Rights,Bulgaria,Flight mission CT,websearch_2026_hr_world
